{
    "loss": 23.560985565185547,
    "accuracy": 0.4313725531101227
}