{
    "loss": 0.33709007501602173,
    "accuracy": 0.8627451062202454
}